"AGE","Mean_Cost"
0,2212.29411764706
1,3774.4
2,7298
3,10183.3333333333
4,7996
5,9253.5
6,8964
7,3362.33333333333
8,2370.5
9,10573.5
10,6117.25
11,1781.25
12,3660.8
13,1729.72222222222
14,2585.72
15,3853.34482758621
16,2384.44827586207
17,4599.3947368421
